insert into roles (id, role)
values (1, 'ADMIN'),
       (2, 'USER');

insert into users (id, email, first_name, last_name, password, username)
values  (6, 'bvbvvbvb@abv.bg', 'bvbvvbvb@abv.bg', 'bvbvvbvb@abv.bg', '835788bece72e750d7f0d6393afe8e5a7af777f97b19d6ae462dae4200f7284004e33f2c35eadd9ac6c046a23babbb2d', 'bvbvvbvb'),
        (7, 'htaushanov@abv.bg', 'Hristo', 'Taushanov', '0c80bd23ba6f97372917af9fb9dd309b432d5212f7375707d6674b0619fefe6d13f9f462b686fb1d126bc9bc1a40c546', 'htaushanov'),
        (8, 'htaushanov@abv.bg1', 'Taushanov1', 'Taushanov1', '0c80bd23ba6f97372917af9fb9dd309b432d5212f7375707d6674b0619fefe6d13f9f462b686fb1d126bc9bc1a40c546', 'Taushanov1'),
        (9, 'htaushanov@abv.bg2', 'Taushanov2', 'Taushanov2', '0c80bd23ba6f97372917af9fb9dd309b432d5212f7375707d6674b0619fefe6d13f9f462b686fb1d126bc9bc1a40c546', 'Taushanov2'),
        (10, 'htaushanov@abv.bg3', 'Taushanov3', 'Taushanov3', '0c80bd23ba6f97372917af9fb9dd309b432d5212f7375707d6674b0619fefe6d13f9f462b686fb1d126bc9bc1a40c546', 'Taushanov3'),
        (11, 'htaushanov@abv.bg4', 'Taushanov4', 'Taushanov4', '0c80bd23ba6f97372917af9fb9dd309b432d5212f7375707d6674b0619fefe6d13f9f462b686fb1d126bc9bc1a40c546', 'Taushanov4'),
        (12, 'htaushanov@abv.bg5', 'Taushanov5', 'Taushanov5', '0c80bd23ba6f97372917af9fb9dd309b432d5212f7375707d6674b0619fefe6d13f9f462b686fb1d126bc9bc1a40c546', 'Taushanov5'),
        (13, 'htaushanov@abv.bg6', 'Taushanov6', 'Taushanov6', '0c80bd23ba6f97372917af9fb9dd309b432d5212f7375707d6674b0619fefe6d13f9f462b686fb1d126bc9bc1a40c546', 'Taushanov6'),
        (14, 'htaushanov@abv.bg7', 'Taushanov7', 'Taushanov7', '0c80bd23ba6f97372917af9fb9dd309b432d5212f7375707d6674b0619fefe6d13f9f462b686fb1d126bc9bc1a40c546', 'Taushanov7'),
        (15, 'htaushanov@abv.bg8', 'Taushanov8', 'Taushanov8', '0c80bd23ba6f97372917af9fb9dd309b432d5212f7375707d6674b0619fefe6d13f9f462b686fb1d126bc9bc1a40c546', 'Taushanov8'),
        (16, 'htaushanov@abv.bg9', 'Taushanov9', 'Taushanov9', '0c80bd23ba6f97372917af9fb9dd309b432d5212f7375707d6674b0619fefe6d13f9f462b686fb1d126bc9bc1a40c546', 'Taushanov9'),
        (17, 'htaushanov@abv.bg10', 'Taushanov10', 'Taushanov10', '0c80bd23ba6f97372917af9fb9dd309b432d5212f7375707d6674b0619fefe6d13f9f462b686fb1d126bc9bc1a40c546', 'Taushanov10'),
        (18, 'htaushanov@abv.bg11', 'Taushanov11', 'Taushanov11', '0c80bd23ba6f97372917af9fb9dd309b432d5212f7375707d6674b0619fefe6d13f9f462b686fb1d126bc9bc1a40c546', 'Taushanov11'),
        (19, 'htaushanov@abv.bg12', 'Taushanov12', 'Taushanov12', '0c80bd23ba6f97372917af9fb9dd309b432d5212f7375707d6674b0619fefe6d13f9f462b686fb1d126bc9bc1a40c546', 'Taushanov12'),
        (20, 'htaushanov@abv.bg13', 'Taushanov13', 'Taushanov13', '0c80bd23ba6f97372917af9fb9dd309b432d5212f7375707d6674b0619fefe6d13f9f462b686fb1d126bc9bc1a40c546', 'Taushanov13'),
        (21, 'htaushanov@abv.bg14', 'Taushanov14', 'Taushanov14', '0c80bd23ba6f97372917af9fb9dd309b432d5212f7375707d6674b0619fefe6d13f9f462b686fb1d126bc9bc1a40c546', 'Taushanov14'),
        (22, 'htaushanov@abv.bg15', 'Taushanov15', 'Taushanov15', '0c80bd23ba6f97372917af9fb9dd309b432d5212f7375707d6674b0619fefe6d13f9f462b686fb1d126bc9bc1a40c546', 'Taushanov15'),
        (23, 'htaushanov@abv.bg16', 'Taushanov16', 'Taushanov16', '0c80bd23ba6f97372917af9fb9dd309b432d5212f7375707d6674b0619fefe6d13f9f462b686fb1d126bc9bc1a40c546', 'Taushanov16'),
        (24, 'htaushanov@abv.bg17', 'Taushanov17', 'Taushanov17', '0c80bd23ba6f97372917af9fb9dd309b432d5212f7375707d6674b0619fefe6d13f9f462b686fb1d126bc9bc1a40c546', 'Taushanov17'),
        (25, 'htaushanov@abv.bg18', 'Taushanov18', 'Taushanov18', '0c80bd23ba6f97372917af9fb9dd309b432d5212f7375707d6674b0619fefe6d13f9f462b686fb1d126bc9bc1a40c546', 'Taushanov18'),
        (26, 'htaushanov@abv.bg19', 'Taushanov19', 'Taushanov19', '0c80bd23ba6f97372917af9fb9dd309b432d5212f7375707d6674b0619fefe6d13f9f462b686fb1d126bc9bc1a40c546', 'Taushanov19'),
        (27, 'htaushanov@abv.bg20', 'Taushanov20', 'Taushanov20', '0c80bd23ba6f97372917af9fb9dd309b432d5212f7375707d6674b0619fefe6d13f9f462b686fb1d126bc9bc1a40c546', 'Taushanov20'),
        (28, 'htaushanov@abv.bg21', 'Taushanov21', 'Taushanov21', '0c80bd23ba6f97372917af9fb9dd309b432d5212f7375707d6674b0619fefe6d13f9f462b686fb1d126bc9bc1a40c546', 'Taushanov21'),
        (29, 'htaushanov@abv.bg22', 'Taushanov22', 'Taushanov22', '0c80bd23ba6f97372917af9fb9dd309b432d5212f7375707d6674b0619fefe6d13f9f462b686fb1d126bc9bc1a40c546', 'Taushanov22'),
        (30, 'htaushanov@abv.bg23', 'Taushanov23', 'Taushanov23', '0c80bd23ba6f97372917af9fb9dd309b432d5212f7375707d6674b0619fefe6d13f9f462b686fb1d126bc9bc1a40c546', 'Taushanov23'),
        (31, 'htaushanov@abv.bg24', 'Taushanov24', 'Taushanov24', '0c80bd23ba6f97372917af9fb9dd309b432d5212f7375707d6674b0619fefe6d13f9f462b686fb1d126bc9bc1a40c546', 'Taushanov24'),
        (32, 'htaushanov@abv.bg25', 'Taushanov25', 'Taushanov25', '0c80bd23ba6f97372917af9fb9dd309b432d5212f7375707d6674b0619fefe6d13f9f462b686fb1d126bc9bc1a40c546', 'Taushanov25'),
        (33, 'htaushanov@abv.bg26', 'Taushanov26', 'Taushanov26', '0c80bd23ba6f97372917af9fb9dd309b432d5212f7375707d6674b0619fefe6d13f9f462b686fb1d126bc9bc1a40c546', 'Taushanov26'),
        (34, 'htaushanov@abv.bg27', 'Taushanov27', 'Taushanov27', '0c80bd23ba6f97372917af9fb9dd309b432d5212f7375707d6674b0619fefe6d13f9f462b686fb1d126bc9bc1a40c546', 'Taushanov27'),
        (35, 'htaushanov@abv.bg28', 'Taushanov28', 'Taushanov28', '0c80bd23ba6f97372917af9fb9dd309b432d5212f7375707d6674b0619fefe6d13f9f462b686fb1d126bc9bc1a40c546', 'Taushanov28'),
        (36, 'htaushanov@abv.bg29', 'Taushanov29', 'Taushanov29', '0c80bd23ba6f97372917af9fb9dd309b432d5212f7375707d6674b0619fefe6d13f9f462b686fb1d126bc9bc1a40c546', 'Taushanov29'),
        (37, 'htaushanov@abv.bg30', 'Taushanov30', 'Taushanov30', '0c80bd23ba6f97372917af9fb9dd309b432d5212f7375707d6674b0619fefe6d13f9f462b686fb1d126bc9bc1a40c546', 'Taushanov30'),
        (38, 'htaushanov@abv.bg31', 'Taushanov31', 'Taushanov31', '0c80bd23ba6f97372917af9fb9dd309b432d5212f7375707d6674b0619fefe6d13f9f462b686fb1d126bc9bc1a40c546', 'Taushanov31'),
        (39, 'htaushanov@abv.bg32', 'Taushanov32', 'Taushanov32', '0c80bd23ba6f97372917af9fb9dd309b432d5212f7375707d6674b0619fefe6d13f9f462b686fb1d126bc9bc1a40c546', 'Taushanov32'),
        (40, 'htaushanov@abv.bg33', 'Taushanov33', 'Taushanov33', '0c80bd23ba6f97372917af9fb9dd309b432d5212f7375707d6674b0619fefe6d13f9f462b686fb1d126bc9bc1a40c546', 'Taushanov33'),
        (41, 'htaushanov@abv.bg34', 'Taushanov34', 'Taushanov34', '0c80bd23ba6f97372917af9fb9dd309b432d5212f7375707d6674b0619fefe6d13f9f462b686fb1d126bc9bc1a40c546', 'Taushanov34'),
        (42, 'htaushanov@abv.bg35', 'Taushanov35', 'Taushanov35', '0c80bd23ba6f97372917af9fb9dd309b432d5212f7375707d6674b0619fefe6d13f9f462b686fb1d126bc9bc1a40c546', 'Taushanov35'),
        (43, 'htaushanov@abv.bg36', 'Taushanov36', 'Taushanov36', '0c80bd23ba6f97372917af9fb9dd309b432d5212f7375707d6674b0619fefe6d13f9f462b686fb1d126bc9bc1a40c546', 'Taushanov36'),
        (44, 'htaushanov@abv.bg37', 'Taushanov37', 'Taushanov37', '0c80bd23ba6f97372917af9fb9dd309b432d5212f7375707d6674b0619fefe6d13f9f462b686fb1d126bc9bc1a40c546', 'Taushanov37'),
        (45, 'htaushanov@abv.bg38', 'Taushanov38', 'Taushanov38', '0c80bd23ba6f97372917af9fb9dd309b432d5212f7375707d6674b0619fefe6d13f9f462b686fb1d126bc9bc1a40c546', 'Taushanov38'),
        (46, 'htaushanov@abv.bg39', 'Taushanov39', 'Taushanov39', '0c80bd23ba6f97372917af9fb9dd309b432d5212f7375707d6674b0619fefe6d13f9f462b686fb1d126bc9bc1a40c546', 'Taushanov39'),
        (47, 'htaushanov@abv.bg40', 'Taushanov40', 'Taushanov40', '0c80bd23ba6f97372917af9fb9dd309b432d5212f7375707d6674b0619fefe6d13f9f462b686fb1d126bc9bc1a40c546', 'Taushanov40'),
        (48, 'htaushanov@abv.bg41', 'Taushanov41', 'Taushanov41', '0c80bd23ba6f97372917af9fb9dd309b432d5212f7375707d6674b0619fefe6d13f9f462b686fb1d126bc9bc1a40c546', 'Taushanov41'),
        (49, 'htaushanov@abv.bg42', 'Taushanov42', 'Taushanov42', '0c80bd23ba6f97372917af9fb9dd309b432d5212f7375707d6674b0619fefe6d13f9f462b686fb1d126bc9bc1a40c546', 'Taushanov42'),
        (50, 'htaushanov@abv.bg43', 'Taushanov43', 'Taushanov43', '0c80bd23ba6f97372917af9fb9dd309b432d5212f7375707d6674b0619fefe6d13f9f462b686fb1d126bc9bc1a40c546', 'Taushanov43'),
        (51, 'htaushanov@abv.bg44', 'Taushanov44', 'Taushanov44', '0c80bd23ba6f97372917af9fb9dd309b432d5212f7375707d6674b0619fefe6d13f9f462b686fb1d126bc9bc1a40c546', 'Taushanov44'),
        (52, 'htaushanov@abv.bg45', 'Taushanov45', 'Taushanov45', '0c80bd23ba6f97372917af9fb9dd309b432d5212f7375707d6674b0619fefe6d13f9f462b686fb1d126bc9bc1a40c546', 'Taushanov45'),
        (53, 'htaushanov@abv.bg46', 'Taushanov46', 'Taushanov46', '0c80bd23ba6f97372917af9fb9dd309b432d5212f7375707d6674b0619fefe6d13f9f462b686fb1d126bc9bc1a40c546', 'Taushanov46');



insert into users_roles (user_id, role_id)
values  (6, 2),
        (7, 2),
        (7, 1),
        (8, 2),
        (9, 2),
        (10, 2),
        (11, 2),
        (12, 2),
        (13, 2),
        (14, 2),
        (15, 2),
        (16, 2),
        (17, 2),
        (18, 2),
        (19, 2),
        (20, 2),
        (21, 2),
        (22, 2),
        (23, 2),
        (24, 2),
        (25, 2),
        (26, 2),
        (27, 2),
        (28, 2),
        (29, 2),
        (30, 2),
        (31, 2),
        (32, 2),
        (33, 2),
        (34, 2),
        (35, 2),
        (36, 2),
        (37, 2),
        (38, 2),
        (39, 2),
        (40, 2),
        (41, 2),
        (42, 2),
        (43, 2),
        (44, 2),
        (45, 2),
        (46, 2),
        (47, 2),
        (48, 2),
        (49, 2),
        (50, 2),
        (51, 2),
        (52, 2),
        (53, 2),
        (9, 1);

insert into pictures (id, title, url, author_id)
values  (1, 'Default title', 'http://res.cloudinary.com/daqfwv8f3/image/upload/v1722409931/r4rk9xa4y89zhlw1et67.png', 7),
        (2, 'Default title', 'http://res.cloudinary.com/daqfwv8f3/image/upload/v1722409996/dyoqzwl3a4rm763d0wt5.png', 7),
        (3, 'Default title', 'http://res.cloudinary.com/daqfwv8f3/image/upload/v1722410958/txzxiodhgmsh7dgcyomj.png', 7),
        (4, 'Default title', 'http://res.cloudinary.com/daqfwv8f3/image/upload/v1722411016/jdsweqwyzgksimm7pclz.png', 7),
        (5, 'Default title', 'http://res.cloudinary.com/daqfwv8f3/image/upload/v1722414594/kkpvow5srpmoctp96fpj.png', 7),
        (6, 'Default title', 'http://res.cloudinary.com/daqfwv8f3/image/upload/v1722414679/smdfkmzi5ldrjnxbgxsw.png', 7),
        (7, 'Default title', 'http://res.cloudinary.com/daqfwv8f3/image/upload/v1722414708/elgcpkgclofd5w8axjkb.png', 7),
        (8, 'Fortuna', 'http://res.cloudinary.com/daqfwv8f3/image/upload/v1722446783/xvyrkkwlwkwbzvrgyytv.jpg', 7),
        (9, 'Somovitsa', 'http://res.cloudinary.com/daqfwv8f3/image/upload/v1722446915/sh3utdojm9adpyuu5k7k.jpg', 7),
        (10, 'Oslo', 'http://res.cloudinary.com/daqfwv8f3/image/upload/v1722446938/to0vfzlqifgwcmrmyzoc.jpg', 7),
        (11, 'Fortuna', 'http://res.cloudinary.com/daqfwv8f3/image/upload/v1722447838/z6qxuf3dem7kwjwcptnf.jpg', 7);


insert into foldable_boats (id, benches_count, description, name, type)
values  (1, 1, 'Lorem ipsum dolor sit amet consectetur adipisicing elit. Vitae alias reiciendis deleniti possimus nemo
                non repellendus?
                Quae atque vero modi quidem! Autem cupiditate fugit doloribus ad amet, asperiores provident commodi', 'FORTUNA', 'STANDARD'),
        (2, 3, 'Lorem ipsum dolor sit amet consectetur adipisicing elit. Vitae alias reiciendis deleniti possimus nemo non repellendus?Quae atque vero modi quidem! Autem cupiditate fugit doloribus ad amet, asperiores provident commodiLorem ipsum dolor sit amet consectetur adipisicing elit. Vitae alias reiciendis deleniti possimus nemo
                                                                                                                                   non repellendus?
                                                                                                                                   Quae atque vero modi quidem! Autem cupiditate fugit doloribus ad amet, asperiores provident commodi', 'SOMOVITSA', 'LUXURY'),
        (3, 3, 'Lorem ipsum dolor sit amet consectetur adipisicing elit. Vitae alias reiciendis deleniti possimus nemo
                non repellendus?
                Quae atque vero modi quidem! Autem cupiditate fugit doloribus ad amet, asperiores provident commodi', 'OSLO', 'LUXURY'),
        (4, 3, 'sdfgsdfgsdfg', 'sdfgsdg', 'STANDARD');

insert into foldable_boats_photos (boat_entity_id, photos_id)
values  (4, 2),
        (4, 3),
        (4, 4),
        (4, 6),
        (4, 7),
        (1, 8),
        (2, 9),
        (3, 10),
        (1, 11);

insert into opinions (id, created, text_content, author_id)
values  (1, '2024-07-31 21:25:14.000000', 'asfasdfasdfasdfasfasdfasdfasdfasfasdfasdfasdfasfasdfasdfasdfasfasdfasdfasdf', 6),
        (2, '2024-07-31 21:25:25.000000', '3123123asfasdfasdfasdf', 7),
        (3, '2024-07-31 21:25:14.000000', 'asfasdfasdfasdfasfasdfasdfasdfasfasdfasdfasdfasfasdfasdfasdfasfasdfasdfasdf', 7),
        (4, '2024-07-31 21:25:25.000000', '3123123asfasdfasdfasdf', 6);

insert into foldable_boats_opinions (boat_entity_id, opinions_id)
values  (1, 1),
        (1, 2),
        (2, 3),
        (2, 4);

insert into comments (id, text_content, created, author_id)
values  (1, 'Не си прав', '2024-08-01 07:33:23.000000', 6),
        (2, 'lorem dfgsdfgsdgsdsdfgsd', '2024-08-01 07:33:25.000000', 7),
        (3, 'lorem dfgsdfgsdgsdsdfgsdlorem dfgsdfgsdgsdsdfgsdlorem dfgsdfgsdgsdsdfgsdlorem dfgsdfgsdgsdsdfgsd', '2024-08-01 07:33:26.000000', 6),
        (4, 'sfdsdfgfsddfgsdfgsdgsdsdfgsdlorem dfgsdfgsdgsdsdfgsdlorem dfgsdfgsdgsdsdfgsdlorem dfgsdfgsdgsdsdfgsdsfdsdfgfsddfgsdfgsdgsdsdfgsdlorem dfgsdfgsdgsdsdfgsdlorem dfgsdfgsdgsdsdfgsdlorem dfgsdfgsdgsdsdfgsd', '2024-08-01 07:33:26.000000', 7),
        (5, '4564565446', '2024-08-01 07:26:23.847369', 7),
        (6, 'aaaaaaaaaaaaaa', '2024-08-01 07:30:45.046558', 7);

insert into opinions_comments (opinion_entity_id, comments_id)
values  (1, 1),
        (1, 2),
        (2, 3),
        (2, 4),
        (2, 5),
        (2, 6);
